"Campaign","Pin_Option","Pin_Title","On_Image_Headline","Pinterest_Description","Affiliate_Disclosure","Tags","Board_Name","Destination_URL","CTA","Alt_Text","Image_Size","Image_Generation_Prompt"
"10 Cozy Amazon Fall Finds Under $40","1","Hero flat lay - the whole list","10 COZY FALL FINDS UNDER $40","Ten things that make a house feel like fall without a decorating budget: a chunky knit throw, warm-white string lights, a stovetop simmer pot and a mug that keeps coffee hot for once. Everything is under $40, and each pick comes with the fiber, kelvin or wattage detail that separates the good ones from the ones that pill in a month.","Affiliate link. As an Amazon Associate I earn from qualifying purchases, at no additional cost to you.","fall home decor, cozy fall decor, fall finds under 40, amazon fall finds, autumn home ideas, cozy living room, fall decorating on a budget","Cozy Fall Home Finds","https://finds.billsworkshopcompany.com/cozy-fall-finds","See all 10 finds","Overhead flat lay of a chunky knit throw, sherpa slippers, a three-wick candle and a glass mug arranged on cream linen above a navy text band.","1000x1500","Vertical 2:3 Pinterest pin, 1000x1500. Top-down flat lay on warm cream #fbf6ed linen: a folded chunky cream knit throw, a pair of sherpa-lined slippers, a wide three-wick soy candle, a double-walled glass mug of coffee, and a small bundle of warm-white string lights, arranged in a loose diagonal with generous space between them. Soft window light from the upper left, gentle natural shadows, a few dried oak leaves scattered as accents. Bottom third is a solid deep navy #102a43 band with bold cream sans-serif text: ""10 COZY FALL FINDS UNDER $40"" and a smaller coral #e46f55 line underneath: ""nothing over forty dollars"". Palette: deep navy #102a43, warm cream #fbf6ed, muted teal #2f6f73, coral accent #e46f55, brass gold #c99c54. Editorial workshop-magazine feel, warm and slightly lived-in. No logos, no visible brand names, no watermarks, no stock-photo gloss."
"10 Cozy Amazon Fall Finds Under $40","2","The mistake pin - candle tunneling","YOUR CANDLE IS TUNNELING","A wide candle with one wick burns a hole straight down the middle and abandons the wax around the edge, which is most of what you paid for. Three wicks fix it, and so does burning it long enough on the first light for the melt pool to reach the glass. Nine more cozy fall picks, all under $40.","Affiliate link. As an Amazon Associate I earn from qualifying purchases, at no additional cost to you.","candle tips, fall candles, soy candle, cozy home hacks, fall home decor, candle care, home tips","Cozy Fall Home Finds","https://finds.billsworkshopcompany.com/cozy-fall-finds","Fix it in one step","Close-up of a candle that has burned a narrow tunnel down its center, leaving a thick ring of unburned wax against the glass.","1000x1500","Vertical 2:3 Pinterest pin, 1000x1500. Overhead close-up of a wide three-wick soy candle in a clear glass jar that has burned a narrow tunnel straight down the middle, leaving a thick untouched ring of wax against the glass. Harsh honest side lighting, shallow depth of field, dark walnut table beneath. A coral #e46f55 arrow graphic points at the wasted outer wax ring. Bold cream text across the top on a translucent navy #102a43 panel: ""YOUR CANDLE IS TUNNELING."" Smaller cream text below: ""here's the 3-hour rule that stops it"". Gritty documentary photography. Palette: deep navy #102a43, warm cream #fbf6ed, muted teal #2f6f73, coral accent #e46f55, brass gold #c99c54. Editorial workshop-magazine feel, warm and slightly lived-in. No logos, no visible brand names, no watermarks, no stock-photo gloss."
"10 Cozy Amazon Fall Finds Under $40","3","Numbered checklist card","THE COZY FALL LIST","Save this one. Ten cozy fall finds, all under $40, grouped by the job they actually do: warmth you wrap up in, light for the afternoons that end early, two ways to keep a drink hot, and the cheapest thing on the list that shows up on your heating bill.","Affiliate link. As an Amazon Associate I earn from qualifying purchases, at no additional cost to you.","fall checklist, cozy home checklist, fall shopping list, amazon finds, fall decor ideas, autumn essentials, save this pin","Cozy Fall Home Finds","https://finds.billsworkshopcompany.com/cozy-fall-finds","Get the full list","A cream checklist card on a dark wood table listing six cozy fall items in hand-lettered navy, with a brass pencil resting across it.","1000x1500","Vertical 2:3 Pinterest pin, 1000x1500. A warm cream #fbf6ed checklist card centered on a dark walnut table, styled like a printed general-store receipt with a torn bottom edge. Hand-lettered deep navy #102a43 heading ""THE COZY FALL LIST"" and beneath it six checkbox lines reading: ""chunky knit throw"", ""sherpa slippers"", ""three-wick candle"", ""warm string lights"", ""simmer pot kit"", ""draft stopper"". A small coral #e46f55 stamp in the corner reads ""ALL UNDER $40"". A brass gold #c99c54 pencil rests diagonally across the card, a few dried leaves at the edge. Warm overhead light, soft shadow, shot from directly above. Tactile and editorial. Palette: deep navy #102a43, warm cream #fbf6ed, muted teal #2f6f73, coral accent #e46f55, brass gold #c99c54. Editorial workshop-magazine feel, warm and slightly lived-in. No logos, no visible brand names, no watermarks, no stock-photo gloss."
"10 Cozy Amazon Fall Finds Under $40","4","In-use lifestyle - reading nook","THE FIRST COLD EVENING","The first genuinely cold evening of the year is the one nobody has turned the heating on for yet. A throw on the end of the sofa settles that argument for about three weeks and costs less than a month of running the furnace early. Ten cozy fall finds under $40.","Affiliate link. As an Amazon Associate I earn from qualifying purchases, at no additional cost to you.","cozy reading nook, fall living room, hygge home, cozy fall aesthetic, autumn evenings, warm home decor, fall home inspiration","Cozy Fall Home Finds","https://finds.billsworkshopcompany.com/cozy-fall-finds","Read the guide","A sunlit reading corner with a knit throw over an armchair, a lit candle and a steaming mug on a side table in warm late-afternoon light.","1000x1500","Vertical 2:3 Pinterest pin, 1000x1500. A quiet corner of a warm living room in late afternoon: a cream armchair with a chunky knit throw draped over one arm, a lit three-wick candle and a steaming double-walled glass mug on a small wooden side table, an open paperback face-down beside them. Low golden light rakes through a window, long soft shadows, dust in the air. Muted teal #2f6f73 cushion for accent. Bold cream text on a translucent deep navy #102a43 panel across the upper third: ""THE FIRST COLD EVENING."" Small coral #e46f55 caption beneath: ""10 fixes, all under $40"". Cinematic, no people, no faces. Palette: deep navy #102a43, warm cream #fbf6ed, muted teal #2f6f73, coral accent #e46f55, brass gold #c99c54. Editorial workshop-magazine feel, warm and slightly lived-in. No logos, no visible brand names, no watermarks, no stock-photo gloss."
"10 Cozy Amazon Fall Finds Under $40","5","Single-hero product portrait - the mug","COFFEE THAT'S STILL HOT","Fall is the season of the drink that goes cold before you finish it. A double-walled borosilicate mug buys back most of the twenty minutes you actually spend on it. One catch: if the two walls are not sealed, it takes on water in the dishwasher and fogs permanently. Hand-wash it.","Affiliate link. As an Amazon Associate I earn from qualifying purchases, at no additional cost to you.","double walled mug, glass coffee mug, coffee lover gift, fall coffee, kitchen finds, amazon kitchen, cozy drinks","Cozy Fall Home Finds","https://finds.billsworkshopcompany.com/cozy-fall-finds","See the pick","A single double-walled glass mug of black coffee standing against a split teal and cream background with dramatic side lighting.","1000x1500","Vertical 2:3 Pinterest pin, 1000x1500. A single double-walled clear borosilicate glass mug filled with black coffee, standing upright against a two-tone background: top half muted teal #2f6f73, bottom half warm cream #fbf6ed. Visible steam rising, the double wall clearly readable as two layers of glass. Dramatic side light, long soft shadow, product-catalog crispness. Bold deep navy #102a43 text on the cream half: ""COFFEE THAT'S STILL HOT AT THE BOTTOM."" Small coral #e46f55 caption: ""under $40"". Minimal, high contrast, generous negative space. Palette: deep navy #102a43, warm cream #fbf6ed, muted teal #2f6f73, coral accent #e46f55, brass gold #c99c54. Editorial workshop-magazine feel, warm and slightly lived-in. No logos, no visible brand names, no watermarks, no stock-photo gloss."
"10 Cozy Amazon Fall Finds Under $40","6","Before / after split - the draft","DRAFTY DOOR? $15 FIXES IT","A visible gap under an exterior door leaks more heat than any single window in most homes. A double-sided draft stopper is the cheapest thing on this list and the only one that shows up on a bill. Measure the door width first and check that it is trimmable.","Affiliate link. As an Amazon Associate I earn from qualifying purchases, at no additional cost to you.","draft stopper, energy saving tips, winter home prep, lower heating bill, home hacks, fall home maintenance, renter friendly","Cozy Fall Home Finds","https://finds.billsworkshopcompany.com/cozy-fall-finds","See how it works","Split image comparing a cold drafty gap under a door on the left with the same door sealed by a fabric draft stopper on the right.","1000x1500","Vertical 2:3 Pinterest pin, 1000x1500. Vertical split-screen. Left: a close-up of a visible gap under a white exterior door, cold blue-gray light leaking through, a curled dead leaf blown against the threshold. Right: the same door with a charcoal double-sided fabric draft stopper fitted snugly beneath it, warm golden interior light, a cozy rug edge visible. A thin brass gold #c99c54 divider line between the halves. Cream text on deep navy #102a43 blocks: ""DRAFT"" on the left, ""SEALED"" on the right, with a coral #e46f55 caption across the bottom: ""the $15 fix you feel in a day"". Editorial, high contrast between the two lighting moods. Palette: deep navy #102a43, warm cream #fbf6ed, muted teal #2f6f73, coral accent #e46f55, brass gold #c99c54. Editorial workshop-magazine feel, warm and slightly lived-in. No logos, no visible brand names, no watermarks, no stock-photo gloss."
"10 Cozy Amazon Fall Finds Under $40","7","Explainer infographic - kelvin scale","WARM WHITE IS 2700K","The number that decides whether string lights look cozy or clinical is the kelvin rating, and most listings bury it. Warm white sits around 2700K. Anything at 4000K or above reads blue and hospital-like against wood, no matter how the photo is styled. Check it before you buy.","Affiliate link. As an Amazon Associate I earn from qualifying purchases, at no additional cost to you.","string lights, warm white lights, lighting tips, cozy lighting, home lighting guide, fall decor, kelvin color temperature","Cozy Fall Home Finds","https://finds.billsworkshopcompany.com/cozy-fall-finds","Learn the rule","A flat infographic showing a horizontal scale from warm 2700K amber to cool 5000K blue, with the cozy range highlighted in coral.","1000x1500","Vertical 2:3 Pinterest pin, 1000x1500. Clean flat editorial infographic on a warm cream #fbf6ed background. A horizontal gradient bar runs across the middle, from warm amber on the left to cold blue-white on the right, labeled beneath in small deep navy #102a43 type at four points: ""2700K"", ""3000K"", ""4000K"", ""5000K"". A coral #e46f55 bracket highlights the 2700K-3000K section with the label ""COZY"". A crossed-out coral marker sits over the 4000K+ end labeled ""CLINICAL"". Above, bold navy heading: ""WARM WHITE IS 2700K."" Small navy subline at the bottom: ""the number listings hide"". Generous white space, flat vector style, no photographic elements. Palette: deep navy #102a43, warm cream #fbf6ed, muted teal #2f6f73, coral accent #e46f55, brass gold #c99c54. Editorial workshop-magazine feel, warm and slightly lived-in. No logos, no visible brand names, no watermarks, no stock-photo gloss."
"10 Cozy Amazon Fall Finds Under $40","8","Dark moody - simmer pot at dusk","IT FILLS THE WHOLE HOUSE","A candle scents one corner; a stovetop simmer pot fills a whole floor, and it can be left going while you cook and answer the door. It also boils dry faster than people expect, so top it up every half hour or you will scorch dried orange onto the base of the pan.","Affiliate link. As an Amazon Associate I earn from qualifying purchases, at no additional cost to you.","simmer pot, stovetop potpourri, fall scents, natural home fragrance, cozy kitchen, autumn traditions, fall home ideas","Cozy Fall Home Finds","https://finds.billsworkshopcompany.com/cozy-fall-finds","See the kit","A small saucepan of simmering water with orange slices, cinnamon sticks and star anise on a dark stovetop, lit by a single warm light with steam rising.","1000x1500","Vertical 2:3 Pinterest pin, 1000x1500. Moody low-key photograph of a small copper saucepan on a dark stovetop, filled with simmering water, floating dried orange slices, cinnamon sticks, star anise and cranberries. Steam curls upward, caught by a single warm rim light from the right. Deep navy #102a43 shadows fill the rest of the frame. Small brass gold #c99c54 serif text in the lower left: ""top it up every 30 minutes."" Larger cream sans-serif headline above it: ""IT FILLS THE WHOLE HOUSE."" Rich, cinematic, high contrast, dark and warm. Palette: deep navy #102a43, warm cream #fbf6ed, muted teal #2f6f73, coral accent #e46f55, brass gold #c99c54. Editorial workshop-magazine feel, warm and slightly lived-in. No logos, no visible brand names, no watermarks, no stock-photo gloss."
"10 Cozy Amazon Fall Finds Under $40","9","Grid of ten","10 FINDS. ALL UNDER $40.","The whole list in one pin: chunky knit throw, sherpa slippers, waffle robe, three-wick candle, warm-white string lights, simmer pot kit, double-walled mug, milk frother, knit pillow covers, under-door draft stopper. Each one with the spec to check before you buy it.","Affiliate link. As an Amazon Associate I earn from qualifying purchases, at no additional cost to you.","amazon fall finds, fall favorites, cozy home essentials, fall must haves, budget home decor, autumn shopping guide, under 40 dollars","Cozy Fall Home Finds","https://finds.billsworkshopcompany.com/cozy-fall-finds","Shop the full list","A clean grid of ten cozy fall products photographed individually on cream with a navy banner headline across the top.","1000x1500","Vertical 2:3 Pinterest pin, 1000x1500. A clean grid of ten small square product photographs on warm cream #fbf6ed with thin deep navy #102a43 hairline borders between cells, arranged 2 columns by 5 rows: chunky knit throw, sherpa slippers, waffle-knit robe, three-wick candle, string lights, simmer pot ingredients, double-walled glass mug, handheld milk frother, knit pillow cover, draft stopper. Each object centered and evenly lit on cream with a consistent shadow direction. A deep navy banner across the top with bold cream text: ""10 FINDS. ALL UNDER $40."" Catalog-clean, consistent lighting across every cell. Palette: deep navy #102a43, warm cream #fbf6ed, muted teal #2f6f73, coral accent #e46f55, brass gold #c99c54. Editorial workshop-magazine feel, warm and slightly lived-in. No logos, no visible brand names, no watermarks, no stock-photo gloss."
"10 Cozy Amazon Fall Finds Under $40","10","Price anchor - the $40 ceiling","NOTHING HERE IS OVER $40","Cozy usually gets sold as a mood board, which is how people end up with a forty-dollar blanket that pills in a month. These ten are ordinary objects picked for the specific job fall gives them: the floor is cold, it is dark at four, and the coffee goes cold before you finish it.","Affiliate link. As an Amazon Associate I earn from qualifying purchases, at no additional cost to you.","fall finds under 40, budget fall decor, affordable home decor, cozy on a budget, amazon home finds, fall decor dupes, cheap cozy ideas","Cozy Fall Home Finds","https://finds.billsworkshopcompany.com/cozy-fall-finds","See what made the list","A bold typographic pin on navy with a large coral price ceiling graphic and small cozy product silhouettes arranged around the type.","1000x1500","Vertical 2:3 Pinterest pin, 1000x1500. Bold typographic poster-style pin on a deep navy #102a43 background with a subtle paper grain. Centered, very large warm cream numerals: ""$40"", with a coral #e46f55 horizontal rule struck through just above the baseline and the small caps word ""CEILING"" beneath it. Arranged loosely around the type in brass gold #c99c54 single-line illustration style: a folded throw, a candle, a mug, a slipper, a string of bulbs. Bold cream sans-serif text across the top: ""NOTHING HERE IS OVER $40."" Small cream caption at the bottom: ""10 cozy fall finds, and what to check first"". Graphic, high contrast, generous negative space. Palette: deep navy #102a43, warm cream #fbf6ed, muted teal #2f6f73, coral accent #e46f55, brass gold #c99c54. Editorial workshop-magazine feel, warm and slightly lived-in. No logos, no visible brand names, no watermarks, no stock-photo gloss."
"7 Whimsical Amazon Kitchen Finds","1","Hero flat lay - the whole list","7 KITCHEN FINDS WITH PERSONALITY","Seven kitchen objects with actual personality: nesting-doll measuring cups, mushroom-shaped grinders, a timer you wind by hand, and four more. The charm is why they made the list. Whether they still work as tools in a year is why only seven of them did.","Affiliate link. As an Amazon Associate I earn from qualifying purchases, at no additional cost to you.","kitchen gadgets, cute kitchen accessories, whimsical kitchen, kitchen finds, amazon kitchen finds, fun kitchen tools, kitchen decor ideas","Kitchen Finds With Personality","https://finds.billsworkshopcompany.com/whimsical-kitchen-finds","See all 7 finds","Overhead flat lay of nesting measuring cups, mushroom grinders, a retro timer and a tea infuser arranged on a cream surface above a navy text band.","1000x1500","Vertical 2:3 Pinterest pin, 1000x1500. Top-down flat lay on a warm cream #fbf6ed surface: a set of painted nesting-doll measuring cups stacked and unstacked, a pair of ceramic mushroom-shaped salt and pepper grinders, a small round mechanical wind-up kitchen timer, a silicone animal tea infuser, and a folded illustrated flour-sack tea towel, arranged with generous spacing. Soft window light from the left, natural shadows. Deep navy #102a43 band across the bottom third with bold cream text: ""7 KITCHEN FINDS WITH PERSONALITY"" and a coral #e46f55 subline: ""charming, and they actually work"". Palette: deep navy #102a43, warm cream #fbf6ed, muted teal #2f6f73, coral accent #e46f55, brass gold #c99c54. Editorial workshop-magazine feel, warm and slightly lived-in. No logos, no visible brand names, no watermarks, no stock-photo gloss."
"7 Whimsical Amazon Kitchen Finds","2","The mistake pin - printed markings","THESE WASH OFF. CHECK FIRST.","Printed measurement markings come off in a dishwasher within a few months and leave you with a decorative object you can no longer measure with. Molded or stamped markings do not. It is the difference between a tool and an ornament, and the listing photo will not tell you which you are buying.","Affiliate link. As an Amazon Associate I earn from qualifying purchases, at no additional cost to you.","kitchen tips, measuring cups, kitchen gadget fails, buying guide, kitchen tools, dishwasher tips, smart shopping","Kitchen Finds With Personality","https://finds.billsworkshopcompany.com/whimsical-kitchen-finds","Know what to check","Close-up of a measuring cup with its printed measurement markings half worn away, next to one with markings molded into the material.","1000x1500","Vertical 2:3 Pinterest pin, 1000x1500. Extreme close-up macro, split composition. Left: a measuring cup with printed measurement markings half flaked and worn away, faded and patchy, dull lighting. Right: the same style of cup with the markings clearly molded into the material as raised relief, crisp side light picking out the embossing. A thin brass gold #c99c54 divider between them, coral #e46f55 cross over the left and a coral check over the right. Bold cream text on a translucent deep navy #102a43 panel across the top: ""THESE WASH OFF. CHECK FIRST."" Small cream caption at the bottom: ""molded beats printed, every time"". Sharp product macro photography. Palette: deep navy #102a43, warm cream #fbf6ed, muted teal #2f6f73, coral accent #e46f55, brass gold #c99c54. Editorial workshop-magazine feel, warm and slightly lived-in. No logos, no visible brand names, no watermarks, no stock-photo gloss."
"7 Whimsical Amazon Kitchen Finds","3","Numbered checklist card","THE WHIMSICAL KITCHEN LIST","Save this one. Seven kitchen finds that are charming first and still useful after the novelty wears off, each with the spec that decides it: grinder mechanism, silicone rating, molded markings, solid metal versus plating.","Affiliate link. As an Amazon Associate I earn from qualifying purchases, at no additional cost to you.","kitchen checklist, kitchen shopping list, cute kitchen gadgets, kitchen essentials, amazon finds, save this pin, kitchen inspiration","Kitchen Finds With Personality","https://finds.billsworkshopcompany.com/whimsical-kitchen-finds","Get the full list","A cream recipe-style card on a wooden counter listing seven whimsical kitchen items in hand-lettered navy with a brass spoon resting across it.","1000x1500","Vertical 2:3 Pinterest pin, 1000x1500. A warm cream #fbf6ed card centered on a light oak kitchen counter, styled like a vintage printed recipe card with a soft deckled edge. Hand-lettered deep navy #102a43 heading ""THE WHIMSICAL KITCHEN LIST"" and beneath it seven short lines reading: ""nesting measuring cups"", ""mushroom grinders"", ""wind-up timer"", ""egg + pancake rings"", ""animal tea infuser"", ""printed tea towels"", ""cast bottle opener"". A small coral #e46f55 stamp in the corner reads ""7 PICKS"". A brass gold #c99c54 teaspoon rests diagonally across the card. Warm overhead light, soft shadow, shot from directly above. Tactile and editorial. Palette: deep navy #102a43, warm cream #fbf6ed, muted teal #2f6f73, coral accent #e46f55, brass gold #c99c54. Editorial workshop-magazine feel, warm and slightly lived-in. No logos, no visible brand names, no watermarks, no stock-photo gloss."
"7 Whimsical Amazon Kitchen Finds","4","In-use lifestyle - breakfast scene","BREAKFAST, BUT SILLIER","The cheapest way to make an ordinary breakfast feel like an occasion. Silicone shaping rings hold a fried egg round enough to sit on a muffin, as long as you oil them every time and keep the pan dry, because they float.","Affiliate link. As an Amazon Associate I earn from qualifying purchases, at no additional cost to you.","fun breakfast ideas, egg rings, pancake shapes, breakfast for kids, cute kitchen gadgets, weekend breakfast, kitchen finds","Kitchen Finds With Personality","https://finds.billsworkshopcompany.com/whimsical-kitchen-finds","See the picks","A sunlit breakfast scene with a fried egg cooking inside a shaped silicone ring in a skillet, with pancakes stacked nearby.","1000x1500","Vertical 2:3 Pinterest pin, 1000x1500. A bright morning kitchen scene shot at a low three-quarter angle: a cast iron skillet on a stovetop with a fried egg cooking inside a bright silicone shaping ring, edges just setting, a small stack of round pancakes on a cream plate beside it, a mug of coffee slightly out of focus behind. Warm morning light through a window, steam rising, a folded illustrated tea towel at the edge of frame. Bold cream text on a deep navy #102a43 block in the upper third: ""BREAKFAST, BUT SILLIER."" Small coral #e46f55 caption beneath: ""oil the ring or it welds shut"". Candid lifestyle food photography, no faces. Palette: deep navy #102a43, warm cream #fbf6ed, muted teal #2f6f73, coral accent #e46f55, brass gold #c99c54. Editorial workshop-magazine feel, warm and slightly lived-in. No logos, no visible brand names, no watermarks, no stock-photo gloss."
"7 Whimsical Amazon Kitchen Finds","5","Single-hero product portrait - grinders","CERAMIC OR IT'S AN ORNAMENT","Grinders sit out permanently, so shape genuinely earns its place. But the mechanism decides whether it is a tool: ceramic handles salt without corroding, carbon steel rusts on salt, and plastic rounds off within a year. If the listing only describes the body, assume plastic.","Affiliate link. As an Amazon Associate I earn from qualifying purchases, at no additional cost to you.","salt and pepper grinders, mushroom kitchen, cottagecore kitchen, kitchen decor, ceramic grinder, kitchen gadget guide, cute kitchen","Kitchen Finds With Personality","https://finds.billsworkshopcompany.com/whimsical-kitchen-finds","See the pick","Two ceramic mushroom-shaped salt and pepper grinders standing against a split teal and cream background with dramatic side lighting.","1000x1500","Vertical 2:3 Pinterest pin, 1000x1500. A pair of ceramic mushroom-shaped salt and pepper grinders, one slightly taller than the other, standing against a two-tone background: top half muted teal #2f6f73, bottom half warm cream #fbf6ed. A scattering of coarse salt grains on the cream surface at their base. Dramatic side light, long soft shadows, product-catalog crispness. Bold deep navy #102a43 text on the cream half: ""CERAMIC, OR IT'S JUST AN ORNAMENT."" Small coral #e46f55 caption: ""the spec listings leave out"". Minimal, high contrast, generous negative space. Palette: deep navy #102a43, warm cream #fbf6ed, muted teal #2f6f73, coral accent #e46f55, brass gold #c99c54. Editorial workshop-magazine feel, warm and slightly lived-in. No logos, no visible brand names, no watermarks, no stock-photo gloss."
"7 Whimsical Amazon Kitchen Finds","6","Explainer infographic - grinder mechanisms","WHICH MECHANISM LASTS?","Three grinder mechanisms look identical from the outside and behave completely differently. Ceramic: fine for salt and pepper, lasts. Carbon steel: fine for pepper, rusts on salt. Plastic: rounds off and stops biting within a year. Listings that skip the spec are telling you which one it is.","Affiliate link. As an Amazon Associate I earn from qualifying purchases, at no additional cost to you.","kitchen buying guide, grinder mechanism, ceramic vs steel, kitchen tips, smart kitchen shopping, kitchen tools guide, home cook tips","Kitchen Finds With Personality","https://finds.billsworkshopcompany.com/whimsical-kitchen-finds","Learn the difference","A flat infographic comparing ceramic, carbon steel and plastic grinder mechanisms in three labeled columns with verdicts beneath each.","1000x1500","Vertical 2:3 Pinterest pin, 1000x1500. Clean flat editorial infographic on a warm cream #fbf6ed background. Three evenly spaced columns, each with a simple flat vector cutaway illustration of a grinder mechanism in deep navy #102a43 line work, labeled beneath in small caps: ""CERAMIC"", ""CARBON STEEL"", ""PLASTIC"". Under each, a short verdict line in navy: ""salt + pepper, lasts"", ""pepper only, rusts"", ""rounds off in a year"". A coral #e46f55 check mark sits above the ceramic column, coral crosses above the other two. Bold navy heading across the top: ""WHICH MECHANISM LASTS?"" Flat vector style, generous white space, no photographic elements. Palette: deep navy #102a43, warm cream #fbf6ed, muted teal #2f6f73, coral accent #e46f55, brass gold #c99c54. Editorial workshop-magazine feel, warm and slightly lived-in. No logos, no visible brand names, no watermarks, no stock-photo gloss."
"7 Whimsical Amazon Kitchen Finds","7","Whimsy close-up - the tea infuser","LOOSE TEA, MINUS THE FIDDLING","Loose tea is better than bagged and the usual mesh ball is a fiddly, dripping thing. If the alternative is a small silicone animal hanging off the rim of your mug, the animal wins. Check the hole size though, or fine leaves end up in the cup.","Affiliate link. As an Amazon Associate I earn from qualifying purchases, at no additional cost to you.","tea infuser, loose leaf tea, cute tea accessories, tea lover gift, kitchen gadgets, tea time, whimsical kitchen","Kitchen Finds With Personality","https://finds.billsworkshopcompany.com/whimsical-kitchen-finds","See the pick","A silicone animal tea infuser hooked over the rim of a pale ceramic mug with tea steeping and steam rising in warm light.","1000x1500","Vertical 2:3 Pinterest pin, 1000x1500. Close-up at mug height: a small silicone animal-shaped tea infuser hooked over the rim of a pale ceramic mug, its tail curled over the outside edge, amber tea steeping below and steam rising into warm side light. A shallow dish of loose tea leaves and a wooden scoop sit softly out of focus behind. Muted teal #2f6f73 linen beneath. Cream text on a translucent deep navy #102a43 panel across the lower third: ""LOOSE TEA, MINUS THE FIDDLING."" Small coral #e46f55 caption: ""check the hole size first"". Warm, tactile, shallow depth of field. Palette: deep navy #102a43, warm cream #fbf6ed, muted teal #2f6f73, coral accent #e46f55, brass gold #c99c54. Editorial workshop-magazine feel, warm and slightly lived-in. No logos, no visible brand names, no watermarks, no stock-photo gloss."
"7 Whimsical Amazon Kitchen Finds","8","Dark moody - the bottle opener","WEIGHT IS THE WHOLE TELL","Solid cast brass or iron holds up indefinitely. The same sculptural shapes exist in zinc alloy with a brass-colored plating that flakes at the lip within a year and is noticeably lighter in the hand. If the listing states neither the metal nor the weight, it is the plated one.","Affiliate link. As an Amazon Associate I earn from qualifying purchases, at no additional cost to you.","bottle opener, brass kitchen accessories, bar cart ideas, kitchen decor, barware, gift for him, solid brass","Kitchen Finds With Personality","https://finds.billsworkshopcompany.com/whimsical-kitchen-finds","See the pick","A heavy sculptural brass bottle opener resting on a dark oiled wood counter, lit by a single warm rim light with deep shadows.","1000x1500","Vertical 2:3 Pinterest pin, 1000x1500. Moody low-key photograph of a heavy sculptural cast brass bottle opener resting on a dark oiled-wood counter, a single warm rim light from the right catching the edge and raising a soft gold highlight, deep navy #102a43 shadows filling the rest of the frame. A single bottle cap lies beside it. Small brass gold #c99c54 serif text in the lower left: ""plated zinc flakes in a year."" Larger cream sans-serif headline above it: ""WEIGHT IS THE WHOLE TELL."" Rich, cinematic, high contrast, dark and warm. Palette: deep navy #102a43, warm cream #fbf6ed, muted teal #2f6f73, coral accent #e46f55, brass gold #c99c54. Editorial workshop-magazine feel, warm and slightly lived-in. No logos, no visible brand names, no watermarks, no stock-photo gloss."
"7 Whimsical Amazon Kitchen Finds","9","Grid of seven","7 FINDS. ZERO CLUTTER.","The whole list in one pin: nesting-doll measuring cups, mushroom grinders, a wind-up timer, egg and pancake rings, an animal tea infuser, illustrated flour-sack tea towels and a solid cast bottle opener. Each one with the spec that decides whether it lasts.","Affiliate link. As an Amazon Associate I earn from qualifying purchases, at no additional cost to you.","amazon kitchen finds, kitchen must haves, cute kitchen gadgets, kitchen gift ideas, fun kitchen tools, kitchen roundup, kitchen shopping","Kitchen Finds With Personality","https://finds.billsworkshopcompany.com/whimsical-kitchen-finds","Shop the full list","A clean grid of seven whimsical kitchen products photographed individually on cream with a navy banner headline across the top.","1000x1500","Vertical 2:3 Pinterest pin, 1000x1500. A clean grid of seven small square product photographs on warm cream #fbf6ed with thin deep navy #102a43 hairline borders between cells, arranged as two rows of three with a wider centered cell beneath: nesting measuring cups, mushroom grinders, wind-up timer, silicone egg rings, animal tea infuser, folded illustrated tea towel, and a cast brass bottle opener in the final wide cell. Each object centered and evenly lit on cream with a consistent shadow direction. A deep navy banner across the top with bold cream text: ""7 FINDS. ZERO CLUTTER."" Catalog-clean. Palette: deep navy #102a43, warm cream #fbf6ed, muted teal #2f6f73, coral accent #e46f55, brass gold #c99c54. Editorial workshop-magazine feel, warm and slightly lived-in. No logos, no visible brand names, no watermarks, no stock-photo gloss."
"7 Whimsical Amazon Kitchen Finds","10","Novelty vs tool - the sorting test","ORNAMENT OR ACTUAL TOOL?","Most novelty kitchenware is an ornament with a job title. It photographs well, gets used twice, then occupies a drawer for a decade. The difference is almost never the shape. It is the mechanism, the material and the finish, none of which show up in the listing photo.","Affiliate link. As an Amazon Associate I earn from qualifying purchases, at no additional cost to you.","kitchen gadgets, novelty kitchenware, declutter kitchen, smart shopping, kitchen buying guide, useful kitchen tools, home tips","Kitchen Finds With Personality","https://finds.billsworkshopcompany.com/whimsical-kitchen-finds","See what passed","A bold typographic pin on navy dividing kitchen items into an ornament column and a tool column, with a coral dividing rule.","1000x1500","Vertical 2:3 Pinterest pin, 1000x1500. Bold typographic poster-style pin on a deep navy #102a43 background with a subtle paper grain, split into two columns by a vertical coral #e46f55 rule. Left column headed in warm cream small caps ""ORNAMENT"", with three brass gold #c99c54 single-line illustrations beneath: a novelty gadget with a plastic grinder, a printed measuring cup, a flimsy plated opener. Right column headed ""ACTUAL TOOL"" with three matching illustrations: a ceramic-mechanism grinder, a molded measuring cup, a solid cast opener. Bold cream sans-serif headline across the top: ""ORNAMENT OR ACTUAL TOOL?"" Small cream caption at the bottom: ""7 kitchen finds that passed"". Graphic, high contrast, generous negative space. Palette: deep navy #102a43, warm cream #fbf6ed, muted teal #2f6f73, coral accent #e46f55, brass gold #c99c54. Editorial workshop-magazine feel, warm and slightly lived-in. No logos, no visible brand names, no watermarks, no stock-photo gloss."
